Club_Name,Logo,Country
cesena fc,https://tmssl.akamaized.net/images/wappen/big/1429.png?lm=1539765803,https://tmssl.akamaized.net/images/flagge/medium/75.png?lm=1520611569
gs ergotelis,https://tmssl.akamaized.net/images/wappen/big/5220.png?lm=1576085108,https://tmssl.akamaized.net/images/flagge/medium/56.png?lm=1520611569
balikesirspor,https://tmssl.akamaized.net/images/wappen/big/20698.png?lm=1408654234,https://tmssl.akamaized.net/images/flagge/medium/174.png?lm=1520611569
kayseri erciyesspor,https://tmssl.akamaized.net/images/wappen/big/6894.png?lm=1444097883,https://tmssl.akamaized.net/images/flagge/medium/174.png?lm=1520611569
niki volou,https://tmssl.akamaized.net/images/wappen/big/5572.png?lm=1541924699,https://tmssl.akamaized.net/images/flagge/medium/56.png?lm=1520611569
fc vestsjaelland,https://tmssl.akamaized.net/images/wappen/big/20100.png?lm=1418835868,https://tmssl.akamaized.net/images/flagge/medium/39.png?lm=1520611569
metalurg donetsk,https://tmssl.akamaized.net/images/wappen/big/2783.png?lm=1420985966,https://tmssl.akamaized.net/images/flagge/medium/177.png?lm=1520611569
fc dordrecht,https://tmssl.akamaized.net/images/wappen/big/1455.png?lm=1587280393,https://tmssl.akamaized.net/images/flagge/medium/122.png?lm=1520611569
ud almeria,https://tmssl.akamaized.net/images/wappen/big/3302.png?lm=1408654801,https://tmssl.akamaized.net/images/flagge/medium/157.png?lm=1520611569
fc cordoba,https://tmssl.akamaized.net/images/wappen/big/993.png?lm=1458766826,https://tmssl.akamaized.net/images/flagge/medium/157.png?lm=1520611569
torpedo moskau,https://tmssl.akamaized.net/images/wappen/big/1186.png?lm=1540069728,https://tmssl.akamaized.net/images/flagge/medium/141.png?lm=1520611569
queens park rangers,https://tmssl.akamaized.net/images/wappen/big/1039.png?lm=1464680692,https://tmssl.akamaized.net/images/flagge/medium/189.png?lm=1520611569
lierse sk,https://tmssl.akamaized.net/images/wappen/big/204.png?lm=1448474775,https://tmssl.akamaized.net/images/flagge/medium/19.png?lm=1520611569
fc penafiel,https://tmssl.akamaized.net/images/wappen/big/3327.png?lm=1529665673,https://tmssl.akamaized.net/images/flagge/medium/136.png?lm=1520611569
thonon evian grand geneve fc,https://tmssl.akamaized.net/images/wappen/big/14171.png?lm=1592499295,https://tmssl.akamaized.net/images/flagge/medium/50.png?lm=1520611569
goverla uzhgorod,https://tmssl.akamaized.net/images/wappen/big/6996.png?lm=1420985872,https://tmssl.akamaized.net/images/flagge/medium/177.png?lm=1520611569
metalurg zaporizhya bis 2016 ,https://tmssl.akamaized.net/images/wappen/big/default.png?lm=1539765803,https://tmssl.akamaized.net/images/flagge/medium/default.png?lm=1520611569
panthrakikos komotini,https://tmssl.akamaized.net/images/wappen/big/7185.png?lm=1463177222,https://tmssl.akamaized.net/images/flagge/medium/56.png?lm=1520611569
mersin idmanyurdu,https://tmssl.akamaized.net/images/wappen/big/3216.png?lm=1408653753,https://tmssl.akamaized.net/images/flagge/medium/174.png?lm=1520611569
ael kalloni,https://tmssl.akamaized.net/images/wappen/big/28956.png?lm=1410074459,https://tmssl.akamaized.net/images/flagge/medium/56.png?lm=1520611569
carpi fc 1909,https://tmssl.akamaized.net/images/wappen/big/27531.png?lm=1631169534,https://tmssl.akamaized.net/images/flagge/medium/75.png?lm=1520611569
eskisehirspor,https://tmssl.akamaized.net/images/wappen/big/825.png?lm=1408653830,https://tmssl.akamaized.net/images/flagge/medium/174.png?lm=1520611569
metalist kharkiv,https://tmssl.akamaized.net/images/wappen/big/83678.png?lm=1624463809,https://tmssl.akamaized.net/images/flagge/medium/177.png?lm=1520611569
gfc ajaccio,https://tmssl.akamaized.net/images/wappen/big/3558.png?lm=1438295959,https://tmssl.akamaized.net/images/flagge/medium/50.png?lm=1520611569
mordovia saransk,https://tmssl.akamaized.net/images/wappen/big/20237.png?lm=1583821449,https://tmssl.akamaized.net/images/flagge/medium/141.png?lm=1520611569
kuban krasnodar,https://tmssl.akamaized.net/images/wappen/big/67241.png?lm=1624374080,https://tmssl.akamaized.net/images/flagge/medium/141.png?lm=1520611569
academica coimbra,https://tmssl.akamaized.net/images/wappen/big/2990.png?lm=1416391647,https://tmssl.akamaized.net/images/flagge/medium/136.png?lm=1520611569
cf uniao madeira,https://tmssl.akamaized.net/images/wappen/big/976.png?lm=1498459958,https://tmssl.akamaized.net/images/flagge/medium/136.png?lm=1520611569
fc middlesbrough,https://tmssl.akamaized.net/images/wappen/big/641.png?lm=1443702192,https://tmssl.akamaized.net/images/flagge/medium/189.png?lm=1520611569
hull city,https://tmssl.akamaized.net/images/wappen/big/3008.png?lm=1562662491,https://tmssl.akamaized.net/images/flagge/medium/189.png?lm=1520611569
afc sunderland,https://tmssl.akamaized.net/images/wappen/big/289.png?lm=1485645633,https://tmssl.akamaized.net/images/flagge/medium/189.png?lm=1520611569
tom tomsk,https://tmssl.akamaized.net/images/wappen/big/3691.png?lm=1408773882,https://tmssl.akamaized.net/images/flagge/medium/141.png?lm=1520611569
volyn lutsk,https://tmssl.akamaized.net/images/wappen/big/4482.png?lm=1420985777,https://tmssl.akamaized.net/images/flagge/medium/177.png?lm=1520611569
dnipro dnipropetrovsk,https://tmssl.akamaized.net/images/wappen/big/36810.png?lm=1411058621,https://tmssl.akamaized.net/images/flagge/medium/177.png?lm=1520611569
as nancy lorraine,https://tmssl.akamaized.net/images/wappen/big/default.png?lm=1539765803,https://tmssl.akamaized.net/images/flagge/medium/default.png?lm=1520611569
sporting gijon,https://tmssl.akamaized.net/images/wappen/big/2448.png?lm=1407484803,https://tmssl.akamaized.net/images/flagge/medium/157.png?lm=1520611569
sc bastia,https://tmssl.akamaized.net/images/wappen/big/595.png?lm=1408706105,https://tmssl.akamaized.net/images/flagge/medium/50.png?lm=1520611569
kvc westerlo,https://tmssl.akamaized.net/images/wappen/big/968.png?lm=1522078254,https://tmssl.akamaized.net/images/flagge/medium/19.png?lm=1520611569
sv darmstadt 98,https://tmssl.akamaized.net/images/wappen/big/105.png?lm=1501493517,https://tmssl.akamaized.net/images/flagge/medium/40.png?lm=1520612525
fc ingolstadt 04,https://tmssl.akamaized.net/images/wappen/big/4795.png?lm=1482665720,https://tmssl.akamaized.net/images/flagge/medium/40.png?lm=1520612525
adanaspor,https://tmssl.akamaized.net/images/wappen/big/6.png?lm=1442130460,https://tmssl.akamaized.net/images/flagge/medium/174.png?lm=1520611569
gaziantepspor,https://tmssl.akamaized.net/images/wappen/big/524.png?lm=1408654192,https://tmssl.akamaized.net/images/flagge/medium/174.png?lm=1520611569
iraklis thessaloniki,https://tmssl.akamaized.net/images/wappen/big/47.png?lm=1541924455,https://tmssl.akamaized.net/images/flagge/medium/56.png?lm=1520611569
veria nps,https://tmssl.akamaized.net/images/wappen/big/2079.png?lm=1573421746,https://tmssl.akamaized.net/images/flagge/medium/56.png?lm=1520611569
palermo fc,https://tmssl.akamaized.net/images/wappen/big/458.png?lm=1565704853,https://tmssl.akamaized.net/images/flagge/medium/75.png?lm=1520611569
delfino pescara 1936,https://tmssl.akamaized.net/images/wappen/big/2921.png?lm=1517054151,https://tmssl.akamaized.net/images/flagge/medium/75.png?lm=1520611569
inverness caledonian thistle fc,https://tmssl.akamaized.net/images/wappen/big/2451.png?lm=1416262902,https://tmssl.akamaized.net/images/flagge/medium/190.png?lm=1520611569
fk tosno,https://tmssl.akamaized.net/images/wappen/big/40426.png?lm=1419710165,https://tmssl.akamaized.net/images/flagge/medium/141.png?lm=1520611569
amkar perm,https://tmssl.akamaized.net/images/wappen/big/4128.png?lm=1623919032,https://tmssl.akamaized.net/images/flagge/medium/141.png?lm=1520611569
ska khabarovsk,https://tmssl.akamaized.net/images/wappen/big/3690.png?lm=1469710667,https://tmssl.akamaized.net/images/flagge/medium/141.png?lm=1520611569
swansea city,https://tmssl.akamaized.net/images/wappen/big/2288.png?lm=1472243738,https://tmssl.akamaized.net/images/flagge/medium/191.png?lm=1520611569
stoke city,https://tmssl.akamaized.net/images/wappen/big/512.png?lm=1472243727,https://tmssl.akamaized.net/images/flagge/medium/189.png?lm=1520611569
fc malaga,https://tmssl.akamaized.net/images/wappen/big/1084.png?lm=1474921800,https://tmssl.akamaized.net/images/flagge/medium/157.png?lm=1520611569
deportivo la coruna,https://tmssl.akamaized.net/images/wappen/big/897.png?lm=1563373966,https://tmssl.akamaized.net/images/flagge/medium/157.png?lm=1520611569
ud las palmas,https://tmssl.akamaized.net/images/wappen/big/472.png?lm=1407484865,https://tmssl.akamaized.net/images/flagge/medium/157.png?lm=1520611569
roda jc kerkrade,https://tmssl.akamaized.net/images/wappen/big/192.png?lm=1404055999,https://tmssl.akamaized.net/images/flagge/medium/122.png?lm=1520611569
hamburger sv,https://tmssl.akamaized.net/images/wappen/big/41.png?lm=1597319274,https://tmssl.akamaized.net/images/flagge/medium/40.png?lm=1520612525
pfk stal kamyanske,https://tmssl.akamaized.net/images/wappen/big/16247.png?lm=1468413607,https://tmssl.akamaized.net/images/flagge/medium/177.png?lm=1520611569
zirka kropyvnytskyi,https://tmssl.akamaized.net/images/wappen/big/8838.png?lm=1472073819,https://tmssl.akamaized.net/images/flagge/medium/177.png?lm=1520611569
ao platanias,https://tmssl.akamaized.net/images/wappen/big/21957.png?lm=1421004104,https://tmssl.akamaized.net/images/flagge/medium/56.png?lm=1520611569
aok kerkyra,https://tmssl.akamaized.net/images/wappen/big/17549.png?lm=1495611422,https://tmssl.akamaized.net/images/flagge/medium/56.png?lm=1520611569
kardemir karabukspor,https://tmssl.akamaized.net/images/wappen/big/1506.png?lm=1407228551,https://tmssl.akamaized.net/images/flagge/medium/174.png?lm=1520611569
ankaraspor,https://tmssl.akamaized.net/images/wappen/big/2944.png?lm=1621244931,https://tmssl.akamaized.net/images/flagge/medium/174.png?lm=1520611569
partick thistle fc,https://tmssl.akamaized.net/images/wappen/big/2760.png?lm=1416262803,https://tmssl.akamaized.net/images/flagge/medium/190.png?lm=1520611569
fc helsingor,https://tmssl.akamaized.net/images/wappen/big/22110.png?lm=1595872818,https://tmssl.akamaized.net/images/flagge/medium/39.png?lm=1520611569
hannover 96,https://tmssl.akamaized.net/images/wappen/big/42.png?lm=1625590625,https://tmssl.akamaized.net/images/flagge/medium/40.png?lm=1520612525
sm caen,https://tmssl.akamaized.net/images/wappen/big/1162.png?lm=1499703190,https://tmssl.akamaized.net/images/flagge/medium/50.png?lm=1520611569
ea guingamp,https://tmssl.akamaized.net/images/wappen/big/855.png?lm=1560859651,https://tmssl.akamaized.net/images/flagge/medium/50.png?lm=1520611569
cardiff city,https://tmssl.akamaized.net/images/wappen/big/603.png?lm=1478337063,https://tmssl.akamaized.net/images/flagge/medium/191.png?lm=1520611569
huddersfield town,https://tmssl.akamaized.net/images/wappen/big/1110.png?lm=1567439677,https://tmssl.akamaized.net/images/flagge/medium/189.png?lm=1520611569
cd feirense,https://tmssl.akamaized.net/images/wappen/big/3349.png?lm=1469968627,https://tmssl.akamaized.net/images/flagge/medium/136.png?lm=1520611569
gd chaves,https://tmssl.akamaized.net/images/wappen/big/3325.png?lm=1416392512,https://tmssl.akamaized.net/images/flagge/medium/136.png?lm=1520611569
fc girona,https://tmssl.akamaized.net/images/wappen/big/12321.png?lm=1635282850,https://tmssl.akamaized.net/images/flagge/medium/157.png?lm=1520611569
de graafschap doetinchem,https://tmssl.akamaized.net/images/wappen/big/642.png?lm=1587280175,https://tmssl.akamaized.net/images/flagge/medium/122.png?lm=1520611569
sbv excelsior rotterdam,https://tmssl.akamaized.net/images/wappen/big/63880.png?lm=1626987765,https://tmssl.akamaized.net/images/flagge/medium/122.png?lm=1520611569
nac breda,https://tmssl.akamaized.net/images/wappen/big/132.png?lm=1611249884,https://tmssl.akamaized.net/images/flagge/medium/122.png?lm=1520611569
ksc lokeren,https://tmssl.akamaized.net/images/wappen/big/7773.png?lm=1620232683,https://tmssl.akamaized.net/images/flagge/medium/19.png?lm=1520611569
1 fc nurnberg,https://tmssl.akamaized.net/images/wappen/big/4.png?lm=1525459914,https://tmssl.akamaized.net/images/flagge/medium/40.png?lm=1520612525
anzhi makhachkala,https://tmssl.akamaized.net/images/wappen/big/2700.png?lm=1573974086,https://tmssl.akamaized.net/images/flagge/medium/141.png?lm=1520611569
enisey krasnoyarsk,https://tmssl.akamaized.net/images/wappen/big/3714.png?lm=1419710297,https://tmssl.akamaized.net/images/flagge/medium/141.png?lm=1520611569
apo levadiakos,https://tmssl.akamaized.net/images/wappen/big/2672.png?lm=1410074899,https://tmssl.akamaized.net/images/flagge/medium/56.png?lm=1520611569
frosinone calcio,https://tmssl.akamaized.net/images/wappen/big/8970.png?lm=1438547543,https://tmssl.akamaized.net/images/flagge/medium/75.png?lm=1520611569
chievo verona,https://tmssl.akamaized.net/images/wappen/big/49756.png?lm=1454498065,https://tmssl.akamaized.net/images/flagge/medium/75.png?lm=1520611569
arsenal kiew,https://tmssl.akamaized.net/images/wappen/big/9007.png?lm=1437286827,https://tmssl.akamaized.net/images/flagge/medium/177.png?lm=1520611569
akhisarspor,https://tmssl.akamaized.net/images/wappen/big/19771.png?lm=1604757093,https://tmssl.akamaized.net/images/flagge/medium/174.png?lm=1520611569
bursaspor,https://tmssl.akamaized.net/images/wappen/big/20.png?lm=1441719256,https://tmssl.akamaized.net/images/flagge/medium/174.png?lm=1520611569
vendsyssel ff,https://tmssl.akamaized.net/images/wappen/big/19657.png?lm=1437861900,https://tmssl.akamaized.net/images/flagge/medium/39.png?lm=1520611569
fortuna dusseldorf,https://tmssl.akamaized.net/images/wappen/big/38.png?lm=1405514004,https://tmssl.akamaized.net/images/flagge/medium/40.png?lm=1520612525
amiens sc,https://tmssl.akamaized.net/images/wappen/big/1416.png?lm=1625493669,https://tmssl.akamaized.net/images/flagge/medium/50.png?lm=1520611569
fc toulouse,https://tmssl.akamaized.net/images/wappen/big/415.png?lm=1530117274,https://tmssl.akamaized.net/images/flagge/medium/50.png?lm=1520611569
desportivo aves,https://tmssl.akamaized.net/images/wappen/big/68826.png?lm=1534502701,https://tmssl.akamaized.net/images/flagge/medium/136.png?lm=1520611569
vitoria setubal fc,https://tmssl.akamaized.net/images/wappen/big/1085.png?lm=1547543194,https://tmssl.akamaized.net/images/flagge/medium/136.png?lm=1520611569
afc bournemouth,https://tmssl.akamaized.net/images/wappen/big/989.png?lm=1457991811,https://tmssl.akamaized.net/images/flagge/medium/189.png?lm=1520611569
cd leganes,https://tmssl.akamaized.net/images/wappen/big/1244.png?lm=1422972468,https://tmssl.akamaized.net/images/flagge/medium/157.png?lm=1520611569
sc paderborn 07,https://tmssl.akamaized.net/images/wappen/big/127.png?lm=1532010365,https://tmssl.akamaized.net/images/flagge/medium/40.png?lm=1520612525
fk orenburg,https://tmssl.akamaized.net/images/wappen/big/14589.png?lm=1500713718,https://tmssl.akamaized.net/images/flagge/medium/141.png?lm=1520611569
karpaty lviv,https://tmssl.akamaized.net/images/wappen/big/85465.png?lm=1626717874,https://tmssl.akamaized.net/images/flagge/medium/177.png?lm=1520611569
hobro ik,https://tmssl.akamaized.net/images/wappen/big/5818.png?lm=1518120161,https://tmssl.akamaized.net/images/flagge/medium/39.png?lm=1520611569
esbjerg fb,https://tmssl.akamaized.net/images/wappen/big/3426.png?lm=1588522725,https://tmssl.akamaized.net/images/flagge/medium/39.png?lm=1520611569
panionios athen,https://tmssl.akamaized.net/images/wappen/big/169.png?lm=1401606183,https://tmssl.akamaized.net/images/flagge/medium/56.png?lm=1520611569
ao xanthi,https://tmssl.akamaized.net/images/wappen/big/128.png?lm=1562577435,https://tmssl.akamaized.net/images/flagge/medium/56.png?lm=1520611569
us lecce,https://tmssl.akamaized.net/images/wappen/big/1005.png?lm=1417104356,https://tmssl.akamaized.net/images/flagge/medium/75.png?lm=1520611569
brescia calcio,https://tmssl.akamaized.net/images/wappen/big/19.png?lm=1511961167,https://tmssl.akamaized.net/images/flagge/medium/75.png?lm=1520611569
spal,https://tmssl.akamaized.net/images/wappen/big/default.png?lm=1539765803,https://tmssl.akamaized.net/images/flagge/medium/default.png?lm=1520611569
sv werder bremen,https://tmssl.akamaized.net/images/wappen/big/86.png?lm=1403082298,https://tmssl.akamaized.net/images/flagge/medium/40.png?lm=1520612525
west bromwich albion,https://tmssl.akamaized.net/images/wappen/big/984.png?lm=1457991758,https://tmssl.akamaized.net/images/flagge/medium/189.png?lm=1520611569
sheffield united,https://tmssl.akamaized.net/images/wappen/big/350.png?lm=1409254138,https://tmssl.akamaized.net/images/flagge/medium/189.png?lm=1520611569
nimes olympique,https://tmssl.akamaized.net/images/wappen/big/1160.png?lm=1526910377,https://tmssl.akamaized.net/images/flagge/medium/50.png?lm=1520611569
cd nacional,https://tmssl.akamaized.net/images/wappen/big/982.png?lm=1549988602,https://tmssl.akamaized.net/images/flagge/medium/136.png?lm=1520611569
pfk tambov,https://tmssl.akamaized.net/images/wappen/big/41201.png?lm=1596729944,https://tmssl.akamaized.net/images/flagge/medium/141.png?lm=1520611569
rotor volgograd,https://tmssl.akamaized.net/images/wappen/big/3609.png?lm=1572768340,https://tmssl.akamaized.net/images/flagge/medium/141.png?lm=1520611569
dijon fco,https://tmssl.akamaized.net/images/wappen/big/2969.png?lm=1408780404,https://tmssl.akamaized.net/images/flagge/medium/50.png?lm=1520611569
sc farense,https://tmssl.akamaized.net/images/wappen/big/4294.png?lm=1550150253,https://tmssl.akamaized.net/images/flagge/medium/136.png?lm=1520611569
rio ave fc,https://tmssl.akamaized.net/images/wappen/big/2425.png?lm=1516613968,https://tmssl.akamaized.net/images/flagge/medium/136.png?lm=1520611569
sd huesca,https://tmssl.akamaized.net/images/wappen/big/5358.png?lm=1535899179,https://tmssl.akamaized.net/images/flagge/medium/157.png?lm=1520611569
real valladolid,https://tmssl.akamaized.net/images/wappen/big/366.png?lm=1407484674,https://tmssl.akamaized.net/images/flagge/medium/157.png?lm=1520611569
sd eibar,https://tmssl.akamaized.net/images/wappen/big/1533.png?lm=1601985991,https://tmssl.akamaized.net/images/flagge/medium/157.png?lm=1520611569
fc fulham,https://tmssl.akamaized.net/images/wappen/big/931.png?lm=1556831687,https://tmssl.akamaized.net/images/flagge/medium/189.png?lm=1520611569
waasland beveren,https://tmssl.akamaized.net/images/wappen/big/28643.png?lm=1492066129,https://tmssl.akamaized.net/images/flagge/medium/19.png?lm=1520611569
royal excel mouscron,https://tmssl.akamaized.net/images/wappen/big/29228.png?lm=1547241629,https://tmssl.akamaized.net/images/flagge/medium/19.png?lm=1520611569
vvv venlo,https://tmssl.akamaized.net/images/wappen/big/1426.png?lm=1610790350,https://tmssl.akamaized.net/images/flagge/medium/122.png?lm=1520611569
fc emmen,https://tmssl.akamaized.net/images/wappen/big/1283.png?lm=1610790231,https://tmssl.akamaized.net/images/flagge/medium/122.png?lm=1520611569
ado den haag,https://tmssl.akamaized.net/images/wappen/big/1268.png?lm=1420455700,https://tmssl.akamaized.net/images/flagge/medium/122.png?lm=1520611569
fc schalke 04,https://tmssl.akamaized.net/images/wappen/big/33.png?lm=1433588238,https://tmssl.akamaized.net/images/flagge/medium/40.png?lm=1520612525
olimpik donetsk,https://tmssl.akamaized.net/images/wappen/big/23611.png?lm=1553350762,https://tmssl.akamaized.net/images/flagge/medium/177.png?lm=1520611569
hamilton academical fc,https://tmssl.akamaized.net/images/wappen/big/2999.png?lm=1416263000,https://tmssl.akamaized.net/images/flagge/medium/190.png?lm=1520611569
mke ankaragucu,https://tmssl.akamaized.net/images/wappen/big/868.png?lm=1582635029,https://tmssl.akamaized.net/images/flagge/medium/174.png?lm=1520611569
genclerbirligi ankara,https://tmssl.akamaized.net/images/wappen/big/820.png?lm=1408653608,https://tmssl.akamaized.net/images/flagge/medium/174.png?lm=1520611569
buyuksehir belediye erzurumspor,https://tmssl.akamaized.net/images/wappen/big/39722.png?lm=1441253919,https://tmssl.akamaized.net/images/flagge/medium/174.png?lm=1520611569
denizlispor,https://tmssl.akamaized.net/images/wappen/big/833.png?lm=1415444729,https://tmssl.akamaized.net/images/flagge/medium/174.png?lm=1520611569
fc crotone,https://tmssl.akamaized.net/images/wappen/big/4083.png?lm=1520933356,https://tmssl.akamaized.net/images/flagge/medium/75.png?lm=1520611569
benevento calcio,https://tmssl.akamaized.net/images/wappen/big/4171.png?lm=1434444046,https://tmssl.akamaized.net/images/flagge/medium/75.png?lm=1520611569
ae larisa,https://tmssl.akamaized.net/images/wappen/big/4603.png?lm=1515835773,https://tmssl.akamaized.net/images/flagge/medium/56.png?lm=1520611569
parma calcio 1913,https://tmssl.akamaized.net/images/wappen/big/130.png?lm=1530945992,https://tmssl.akamaized.net/images/flagge/medium/75.png?lm=1520611569
kilmarnock fc,https://tmssl.akamaized.net/images/wappen/big/2553.png?lm=1568027450,https://tmssl.akamaized.net/images/flagge/medium/190.png?lm=1520611569
lyngby bk,https://tmssl.akamaized.net/images/wappen/big/369.png?lm=1518117602,https://tmssl.akamaized.net/images/flagge/medium/39.png?lm=1520611569
ac horsens,https://tmssl.akamaized.net/images/wappen/big/2414.png?lm=1580920529,https://tmssl.akamaized.net/images/flagge/medium/39.png?lm=1520611569
fc bayern munchen,https://tmssl.akamaized.net/images/wappen/big/27.png?lm=1498251238,https://tmssl.akamaized.net/images/flagge/medium/40.png?lm=1520612525
arminia bielefeld,https://tmssl.akamaized.net/images/wappen/big/10.png?lm=1629204733,https://tmssl.akamaized.net/images/flagge/medium/40.png?lm=1520612525
benfica lissabon,https://tmssl.akamaized.net/images/wappen/big/294.png?lm=1535908439,https://tmssl.akamaized.net/images/flagge/medium/136.png?lm=1520611569
fc vizela,https://tmssl.akamaized.net/images/wappen/big/6912.png?lm=1625324364,https://tmssl.akamaized.net/images/flagge/medium/136.png?lm=1520611569
vfl bochum,https://tmssl.akamaized.net/images/wappen/big/80.png?lm=1403095524,https://tmssl.akamaized.net/images/flagge/medium/40.png?lm=1520612525
rfc seraing,https://tmssl.akamaized.net/images/wappen/big/2715.png?lm=1495287150,https://tmssl.akamaized.net/images/flagge/medium/19.png?lm=1520611569
fk nizhny novgorod,https://tmssl.akamaized.net/images/wappen/big/49702.png?lm=1537533994,https://tmssl.akamaized.net/images/flagge/medium/141.png?lm=1520611569
kas eupen,https://tmssl.akamaized.net/images/wappen/big/1245.png?lm=1464260524,https://tmssl.akamaized.net/images/flagge/medium/19.png?lm=1520611569
vv st truiden,https://tmssl.akamaized.net/images/wappen/big/default.png?lm=1539765803,https://tmssl.akamaized.net/images/flagge/medium/default.png?lm=1520611569
viborg ff,https://tmssl.akamaized.net/images/wappen/big/1063.png?lm=1518117799,https://tmssl.akamaized.net/images/flagge/medium/39.png?lm=1520611569
fc burnley,https://tmssl.akamaized.net/images/wappen/big/1132.png?lm=1587809239,https://tmssl.akamaized.net/images/flagge/medium/189.png?lm=1520611569
fk minaj,https://tmssl.akamaized.net/images/wappen/big/61825.png?lm=1598035237,https://tmssl.akamaized.net/images/flagge/medium/177.png?lm=1520611569
nk veres rivne,https://tmssl.akamaized.net/images/wappen/big/26459.png?lm=1638990932,https://tmssl.akamaized.net/images/flagge/medium/177.png?lm=1520611569
apollon smyrnis,https://tmssl.akamaized.net/images/wappen/big/441.png?lm=1413800314,https://tmssl.akamaized.net/images/flagge/medium/56.png?lm=1520611569
spvgg greuther furth,https://tmssl.akamaized.net/images/wappen/big/65.png?lm=1503682935,https://tmssl.akamaized.net/images/flagge/medium/40.png?lm=1520612525
silkeborg if,https://tmssl.akamaized.net/images/wappen/big/1177.png?lm=1518117733,https://tmssl.akamaized.net/images/flagge/medium/39.png?lm=1520611569
us salernitana 1919,https://tmssl.akamaized.net/images/wappen/big/380.png?lm=1601390035,https://tmssl.akamaized.net/images/flagge/medium/75.png?lm=1520611569
sivasspor,https://tmssl.akamaized.net/images/wappen/big/2381.png?lm=1408653992,https://tmssl.akamaized.net/images/flagge/medium/174.png?lm=1520611569
konyaspor,https://tmssl.akamaized.net/images/wappen/big/2293.png?lm=1519828204,https://tmssl.akamaized.net/images/flagge/medium/174.png?lm=1520611569
antalyaspor,https://tmssl.akamaized.net/images/wappen/big/589.png?lm=1473110173,https://tmssl.akamaized.net/images/flagge/medium/174.png?lm=1520611569
goztepe,https://tmssl.akamaized.net/images/wappen/big/default.png?lm=1539765803,https://tmssl.akamaized.net/images/wappen/tiny/123.png?lm=1456997286
adana demirspor,https://tmssl.akamaized.net/images/wappen/big/3840.png?lm=1442129502,https://tmssl.akamaized.net/images/flagge/medium/174.png?lm=1520611569
caykur rizespor,https://tmssl.akamaized.net/images/wappen/big/126.png?lm=1443714784,https://tmssl.akamaized.net/images/flagge/medium/174.png?lm=1520611569
kayserispor,https://tmssl.akamaized.net/images/wappen/big/3205.png?lm=1520239955,https://tmssl.akamaized.net/images/flagge/medium/174.png?lm=1520611569
alanyaspor,https://tmssl.akamaized.net/images/wappen/big/11282.png?lm=1489273987,https://tmssl.akamaized.net/images/flagge/medium/174.png?lm=1520611569
istanbul basaksehir fk,https://tmssl.akamaized.net/images/wappen/big/6890.png?lm=1521449959,https://tmssl.akamaized.net/images/flagge/medium/174.png?lm=1520611569
trabzonspor,https://tmssl.akamaized.net/images/wappen/big/449.png?lm=1630858822,https://tmssl.akamaized.net/images/flagge/medium/174.png?lm=1520611569
galatasaray istanbul,https://tmssl.akamaized.net/images/wappen/big/141.png?lm=1406739071,https://tmssl.akamaized.net/images/flagge/medium/174.png?lm=1520611569
gaziantep fk,https://tmssl.akamaized.net/images/wappen/big/2832.png?lm=1618435990,https://tmssl.akamaized.net/images/flagge/medium/174.png?lm=1520611569
yeni malatyaspor,https://tmssl.akamaized.net/images/wappen/big/19789.png?lm=1441755473,https://tmssl.akamaized.net/images/flagge/medium/174.png?lm=1520611569
altay sk,https://tmssl.akamaized.net/images/wappen/big/2375.png?lm=1624497193,https://tmssl.akamaized.net/images/flagge/medium/174.png?lm=1520611569
spezia calcio,https://tmssl.akamaized.net/images/wappen/big/3522.png?lm=1504611067,https://tmssl.akamaized.net/images/flagge/medium/75.png?lm=1520611569
fc empoli,https://tmssl.akamaized.net/images/wappen/big/749.png?lm=1626441481,https://tmssl.akamaized.net/images/flagge/medium/75.png?lm=1520611569
genua cfc,https://tmssl.akamaized.net/images/wappen/big/252.png?lm=1438591281,https://tmssl.akamaized.net/images/flagge/medium/75.png?lm=1520611569
giresunspor,https://tmssl.akamaized.net/images/wappen/big/11688.png?lm=1442160857,https://tmssl.akamaized.net/images/flagge/medium/174.png?lm=1520611569
hellas verona,https://tmssl.akamaized.net/images/wappen/big/276.png?lm=1617228746,https://tmssl.akamaized.net/images/flagge/medium/75.png?lm=1520611569
sampdoria genua,https://tmssl.akamaized.net/images/wappen/big/1038.png?lm=1520934353,https://tmssl.akamaized.net/images/flagge/medium/75.png?lm=1520611569
besiktas istanbul,https://tmssl.akamaized.net/images/wappen/big/114.png?lm=1502974502,https://tmssl.akamaized.net/images/flagge/medium/174.png?lm=1520611569
fenerbahce istanbul,https://tmssl.akamaized.net/images/wappen/big/36.png?lm=1406739123,https://tmssl.akamaized.net/images/flagge/medium/174.png?lm=1520611569
venezia fc,https://tmssl.akamaized.net/images/wappen/big/607.png?lm=1504794638,https://tmssl.akamaized.net/images/flagge/medium/75.png?lm=1520611569
kasimpasa,https://tmssl.akamaized.net/images/wappen/big/10484.png?lm=1408653850,https://tmssl.akamaized.net/images/flagge/medium/174.png?lm=1520611569
us sassuolo,https://tmssl.akamaized.net/images/wappen/big/6574.png?lm=1601389908,https://tmssl.akamaized.net/images/flagge/medium/75.png?lm=1520611569
cagliari calcio,https://tmssl.akamaized.net/images/wappen/big/1390.png?lm=1626441409,https://tmssl.akamaized.net/images/flagge/medium/75.png?lm=1520611569
hatayspor,https://tmssl.akamaized.net/images/wappen/big/7775.png?lm=1441723606,https://tmssl.akamaized.net/images/flagge/medium/174.png?lm=1520611569
ac florenz,https://tmssl.akamaized.net/images/wappen/big/430.png?lm=1520933432,https://tmssl.akamaized.net/images/flagge/medium/75.png?lm=1520611569
ac mailand,https://tmssl.akamaized.net/images/wappen/big/5.png?lm=1605166627,https://tmssl.akamaized.net/images/flagge/medium/75.png?lm=1520611569
fc bologna,https://tmssl.akamaized.net/images/wappen/big/1025.png?lm=1626441324,https://tmssl.akamaized.net/images/flagge/medium/75.png?lm=1520611569
inter mailand,https://tmssl.akamaized.net/images/wappen/big/46.png?lm=1618900989,https://tmssl.akamaized.net/images/flagge/medium/75.png?lm=1520611569
fatih karagumruk,https://tmssl.akamaized.net/images/wappen/big/6646.png?lm=1441625196,https://tmssl.akamaized.net/images/flagge/medium/174.png?lm=1520611569
atalanta bergamo,https://tmssl.akamaized.net/images/wappen/big/800.png?lm=1438547428,https://tmssl.akamaized.net/images/flagge/medium/75.png?lm=1520611569
udinese calcio,https://tmssl.akamaized.net/images/wappen/big/410.png?lm=1437136398,https://tmssl.akamaized.net/images/flagge/medium/75.png?lm=1520611569
ssc neapel,https://tmssl.akamaized.net/images/wappen/big/6195.png?lm=1437135876,https://tmssl.akamaized.net/images/flagge/medium/75.png?lm=1520611569
lazio rom,https://tmssl.akamaized.net/images/wappen/big/398.png?lm=1601537785,https://tmssl.akamaized.net/images/flagge/medium/75.png?lm=1520611569
fc turin,https://tmssl.akamaized.net/images/wappen/big/416.png?lm=1438548174,https://tmssl.akamaized.net/images/flagge/medium/75.png?lm=1520611569
aalborg bk,https://tmssl.akamaized.net/images/wappen/big/1053.png?lm=1518117565,https://tmssl.akamaized.net/images/flagge/medium/39.png?lm=1520611569
juventus turin,https://tmssl.akamaized.net/images/wappen/big/506.png?lm=1626441487,https://tmssl.akamaized.net/images/flagge/medium/75.png?lm=1520611569
odense boldklub,https://tmssl.akamaized.net/images/wappen/big/173.png?lm=1518117592,https://tmssl.akamaized.net/images/flagge/medium/39.png?lm=1520611569
as rom,https://tmssl.akamaized.net/images/wappen/big/default.png?lm=1539765803,https://tmssl.akamaized.net/images/flagge/medium/default.png?lm=1520611569
fc kopenhagen,https://tmssl.akamaized.net/images/wappen/big/190.png?lm=1518117389,https://tmssl.akamaized.net/images/flagge/medium/39.png?lm=1520611569
brondby if,https://tmssl.akamaized.net/images/wappen/big/206.png?lm=1518117616,https://tmssl.akamaized.net/images/flagge/medium/39.png?lm=1520611569
panetolikos gfs,https://tmssl.akamaized.net/images/wappen/big/6418.png?lm=1562577540,https://tmssl.akamaized.net/images/flagge/medium/56.png?lm=1520611569
pas lamia 1964,https://tmssl.akamaized.net/images/wappen/big/3999.png?lm=1485530369,https://tmssl.akamaized.net/images/flagge/medium/56.png?lm=1520611569
pas giannina,https://tmssl.akamaized.net/images/wappen/big/2671.png?lm=1623427611,https://tmssl.akamaized.net/images/flagge/medium/56.png?lm=1520611569
ionikos nikeas,https://tmssl.akamaized.net/images/wappen/big/553.png?lm=1468133471,https://tmssl.akamaized.net/images/flagge/medium/56.png?lm=1520611569
asteras tripolis,https://tmssl.akamaized.net/images/wappen/big/6676.png?lm=1610114023,https://tmssl.akamaized.net/images/flagge/medium/56.png?lm=1520611569
vejle boldklub,https://tmssl.akamaized.net/images/wappen/big/443.png?lm=1437861930,https://tmssl.akamaized.net/images/flagge/medium/39.png?lm=1520611569
atromitos athen,https://tmssl.akamaized.net/images/wappen/big/3060.png?lm=1562577628,https://tmssl.akamaized.net/images/flagge/medium/56.png?lm=1520611569
fc midtjylland,https://tmssl.akamaized.net/images/wappen/big/865.png?lm=1518117451,https://tmssl.akamaized.net/images/flagge/medium/39.png?lm=1520611569
randers fc,https://tmssl.akamaized.net/images/wappen/big/5724.png?lm=1518117482,https://tmssl.akamaized.net/images/flagge/medium/39.png?lm=1520611569
sonderjyske,https://tmssl.akamaized.net/images/wappen/big/5817.png?lm=1518117723,https://tmssl.akamaized.net/images/flagge/medium/39.png?lm=1520611569
ofi kreta,https://tmssl.akamaized.net/images/wappen/big/653.png?lm=1597434188,https://tmssl.akamaized.net/images/flagge/medium/56.png?lm=1520611569
paok thessaloniki,https://tmssl.akamaized.net/images/wappen/big/1091.png?lm=1562577576,https://tmssl.akamaized.net/images/flagge/medium/56.png?lm=1520611569
panathinaikos athen,https://tmssl.akamaized.net/images/wappen/big/265.png?lm=1629382830,https://tmssl.akamaized.net/images/flagge/medium/56.png?lm=1520611569
olympiakos piraus,https://tmssl.akamaized.net/images/wappen/big/683.png?lm=1447787802,https://tmssl.akamaized.net/images/flagge/medium/56.png?lm=1520611569
ross county fc,https://tmssl.akamaized.net/images/wappen/big/2759.png?lm=1411570059,https://tmssl.akamaized.net/images/flagge/medium/190.png?lm=1520611569
volos nps,https://tmssl.akamaized.net/images/wappen/big/60949.png?lm=1515160190,https://tmssl.akamaized.net/images/flagge/medium/56.png?lm=1520611569
aarhus gf,https://tmssl.akamaized.net/images/wappen/big/678.png?lm=1518117578,https://tmssl.akamaized.net/images/flagge/medium/39.png?lm=1520611569
fc nordsjaelland,https://tmssl.akamaized.net/images/wappen/big/2778.png?lm=1564262814,https://tmssl.akamaized.net/images/flagge/medium/39.png?lm=1520611569
dundee united fc,https://tmssl.akamaized.net/images/wappen/big/1519.png?lm=1554575325,https://tmssl.akamaized.net/images/flagge/medium/190.png?lm=1520611569
dundee fc,https://tmssl.akamaized.net/images/wappen/big/511.png?lm=1416262848,https://tmssl.akamaized.net/images/flagge/medium/190.png?lm=1520611569
heart of midlothian fc,https://tmssl.akamaized.net/images/wappen/big/43.png?lm=1522182618,https://tmssl.akamaized.net/images/flagge/medium/190.png?lm=1520611569
st mirren fc,https://tmssl.akamaized.net/images/wappen/big/31036.png?lm=1582653127,https://tmssl.akamaized.net/images/flagge/medium/190.png?lm=1520611569
aris thessaloniki,https://tmssl.akamaized.net/images/wappen/big/605.png?lm=1569944828,https://tmssl.akamaized.net/images/flagge/medium/56.png?lm=1520611569
hibernian fc,https://tmssl.akamaized.net/images/wappen/big/903.png?lm=1534336641,https://tmssl.akamaized.net/images/flagge/medium/190.png?lm=1520611569
glasgow rangers,https://tmssl.akamaized.net/images/wappen/big/124.png?lm=1596617873,https://tmssl.akamaized.net/images/flagge/medium/190.png?lm=1520611569
pfk lviv,https://tmssl.akamaized.net/images/wappen/big/18105.png?lm=1626717555,https://tmssl.akamaized.net/images/flagge/medium/177.png?lm=1520611569
ingulets petrove,https://tmssl.akamaized.net/images/wappen/big/49364.png?lm=1505217715,https://tmssl.akamaized.net/images/flagge/medium/177.png?lm=1520611569
livingston fc,https://tmssl.akamaized.net/images/wappen/big/1241.png?lm=1422899840,https://tmssl.akamaized.net/images/flagge/medium/190.png?lm=1520611569
rukh lviv,https://tmssl.akamaized.net/images/wappen/big/48726.png?lm=1575994146,https://tmssl.akamaized.net/images/flagge/medium/177.png?lm=1520611569
celtic glasgow,https://tmssl.akamaized.net/images/wappen/big/371.png?lm=1403615766,https://tmssl.akamaized.net/images/flagge/medium/190.png?lm=1520611569
fk mariupol,https://tmssl.akamaized.net/images/wappen/big/6993.png?lm=1499197929,https://tmssl.akamaized.net/images/flagge/medium/177.png?lm=1520611569
metalist 1925 kharkiv,https://tmssl.akamaized.net/images/wappen/big/55686.png?lm=1499536179,https://tmssl.akamaized.net/images/flagge/medium/177.png?lm=1520611569
kolos kovalivka,https://tmssl.akamaized.net/images/wappen/big/48332.png?lm=1546026029,https://tmssl.akamaized.net/images/flagge/medium/177.png?lm=1520611569
desna chernigiv,https://tmssl.akamaized.net/images/wappen/big/16239.png?lm=1469859315,https://tmssl.akamaized.net/images/flagge/medium/177.png?lm=1520611569
chornomorets odessa,https://tmssl.akamaized.net/images/wappen/big/6992.png?lm=1420985624,https://tmssl.akamaized.net/images/flagge/medium/177.png?lm=1520611569
st johnstone fc,https://tmssl.akamaized.net/images/wappen/big/default.png?lm=1539765803,https://tmsi.akamaized.net/icons/playeragent_license_agent_small.png
zorya lugansk,https://tmssl.akamaized.net/images/wappen/big/10690.png?lm=1517128409,https://tmssl.akamaized.net/images/flagge/medium/177.png?lm=1520611569
fk oleksandriya,https://tmssl.akamaized.net/images/wappen/big/18303.png?lm=1612285426,https://tmssl.akamaized.net/images/flagge/medium/177.png?lm=1520611569
shakhtar donetsk,https://tmssl.akamaized.net/images/wappen/big/660.png?lm=1396275305,https://tmssl.akamaized.net/images/flagge/medium/177.png?lm=1520611569
fc watford,https://tmssl.akamaized.net/images/wappen/big/1010.png?lm=1468103673,https://tmssl.akamaized.net/images/flagge/medium/189.png?lm=1520611569
sk dnipro 1,https://tmssl.akamaized.net/images/wappen/big/default.png?lm=1539765803,https://tmssl.akamaized.net/images/flagge/medium/default.png?lm=1520611569
fc brentford,https://tmssl.akamaized.net/images/wappen/big/1148.png?lm=1625150543,https://tmssl.akamaized.net/images/flagge/medium/189.png?lm=1520611569
norwich city,https://tmssl.akamaized.net/images/wappen/big/1123.png?lm=1457723273,https://tmssl.akamaized.net/images/flagge/medium/189.png?lm=1520611569
dynamo kiew,https://tmssl.akamaized.net/images/wappen/big/338.png?lm=1442954715,https://tmssl.akamaized.net/images/flagge/medium/177.png?lm=1520611569
fc southampton,https://tmssl.akamaized.net/images/wappen/big/180.png?lm=1444560086,https://tmssl.akamaized.net/images/flagge/medium/189.png?lm=1520611569
crystal palace,https://tmssl.akamaized.net/images/wappen/big/873.png?lm=1457723287,https://tmssl.akamaized.net/images/flagge/medium/189.png?lm=1520611569
brighton amp hove albion,https://tmssl.akamaized.net/images/wappen/big/default.png?lm=1539765803,https://tmssl.akamaized.net/images/flagge/medium/default.png?lm=1520611569
leeds united,https://tmssl.akamaized.net/images/wappen/big/399.png?lm=1407654193,https://tmssl.akamaized.net/images/flagge/medium/189.png?lm=1520611569
wolverhampton wanderers,https://tmssl.akamaized.net/images/wappen/big/543.png?lm=1467496784,https://tmssl.akamaized.net/images/flagge/medium/189.png?lm=1520611569
aek athen,https://tmssl.akamaized.net/images/wappen/big/2441.png?lm=1412097069,https://tmssl.akamaized.net/images/flagge/medium/56.png?lm=1520611569
motherwell fc,https://tmssl.akamaized.net/images/wappen/big/987.png?lm=1632586564,https://tmssl.akamaized.net/images/flagge/medium/190.png?lm=1520611569
fc everton,https://tmssl.akamaized.net/images/wappen/big/29.png?lm=1445949846,https://tmssl.akamaized.net/images/flagge/medium/189.png?lm=1520611569
aberdeen fc,https://tmssl.akamaized.net/images/wappen/big/370.png?lm=1409146897,https://tmssl.akamaized.net/images/flagge/medium/190.png?lm=1520611569
aston villa,https://tmssl.akamaized.net/images/wappen/big/default.png?lm=1539765803,https://tmssl.akamaized.net/images/flagge/medium/default.png?lm=1520611569
tottenham hotspur,https://tmssl.akamaized.net/images/wappen/big/148.png?lm=1544345801,https://tmssl.akamaized.net/images/flagge/medium/189.png?lm=1520611569
leicester city,https://tmssl.akamaized.net/images/wappen/big/1003.png?lm=1472229265,https://tmssl.akamaized.net/images/flagge/medium/189.png?lm=1520611569
vorskla poltava,https://tmssl.akamaized.net/images/wappen/big/2740.png?lm=1420985318,https://tmssl.akamaized.net/images/flagge/medium/177.png?lm=1520611569
manchester city,https://tmssl.akamaized.net/images/wappen/big/281.png?lm=1467356331,https://tmssl.akamaized.net/images/flagge/medium/189.png?lm=1520611569
fc liverpool,https://tmssl.akamaized.net/images/wappen/big/31.png?lm=1456567819,https://tmssl.akamaized.net/images/flagge/medium/189.png?lm=1520611569
rayo vallecano,https://tmssl.akamaized.net/images/wappen/big/367.png?lm=1408654926,https://tmssl.akamaized.net/images/flagge/medium/157.png?lm=1520611569
fc elche,https://tmssl.akamaized.net/images/wappen/big/1531.png?lm=1421955260,https://tmssl.akamaized.net/images/flagge/medium/157.png?lm=1520611569
manchester united,https://tmssl.akamaized.net/images/wappen/big/985.png?lm=1457975903,https://tmssl.akamaized.net/images/flagge/medium/189.png?lm=1520611569
rcd mallorca,https://tmssl.akamaized.net/images/wappen/big/237.png?lm=1407484750,https://tmssl.akamaized.net/images/flagge/medium/157.png?lm=1520611569
fc granada,https://tmssl.akamaized.net/images/wappen/big/16795.png?lm=1620472393,https://tmssl.akamaized.net/images/flagge/medium/157.png?lm=1520611569
fc cadiz,https://tmssl.akamaized.net/images/wappen/big/2687.png?lm=1417193371,https://tmssl.akamaized.net/images/flagge/medium/157.png?lm=1520611569
fc arsenal,https://tmssl.akamaized.net/images/wappen/big/11.png?lm=1489787850,https://tmssl.akamaized.net/images/flagge/medium/189.png?lm=1520611569
celta vigo,https://tmssl.akamaized.net/images/wappen/big/940.png?lm=1406966406,https://tmssl.akamaized.net/images/flagge/medium/157.png?lm=1520611569
newcastle united,https://tmssl.akamaized.net/images/wappen/big/762.png?lm=1472921161,https://tmssl.akamaized.net/images/flagge/medium/189.png?lm=1520611569
athletic bilbao,https://tmssl.akamaized.net/images/wappen/big/621.png?lm=1565768743,https://tmssl.akamaized.net/images/flagge/medium/157.png?lm=1520611569
fc chelsea,https://tmssl.akamaized.net/images/wappen/big/631.png?lm=1628160548,https://tmssl.akamaized.net/images/flagge/medium/189.png?lm=1520611569
real betis sevilla,https://tmssl.akamaized.net/images/wappen/big/150.png?lm=1407484550,https://tmssl.akamaized.net/images/flagge/medium/157.png?lm=1520611569
espanyol barcelona,https://tmssl.akamaized.net/images/wappen/big/714.png?lm=1406966369,https://tmssl.akamaized.net/images/flagge/medium/157.png?lm=1520611569
fc valencia,https://tmssl.akamaized.net/images/wappen/big/1049.png?lm=1406966320,https://tmssl.akamaized.net/images/flagge/medium/157.png?lm=1520611569
fc villarreal,https://tmssl.akamaized.net/images/wappen/big/1050.png?lm=1408655310,https://tmssl.akamaized.net/images/flagge/medium/157.png?lm=1520611569
real sociedad san sebastian,https://tmssl.akamaized.net/images/wappen/big/681.png?lm=1614795530,https://tmssl.akamaized.net/images/flagge/medium/157.png?lm=1520611569
ud levante,https://tmssl.akamaized.net/images/wappen/big/3368.png?lm=1408655062,https://tmssl.akamaized.net/images/flagge/medium/157.png?lm=1520611569
atletico madrid,https://tmssl.akamaized.net/images/wappen/big/13.png?lm=1519120744,https://tmssl.akamaized.net/images/flagge/medium/157.png?lm=1520611569
real madrid,https://tmssl.akamaized.net/images/wappen/big/418.png?lm=1580722449,https://tmssl.akamaized.net/images/flagge/medium/157.png?lm=1520611569
fc sevilla,https://tmssl.akamaized.net/images/wappen/big/368.png?lm=1408655455,https://tmssl.akamaized.net/images/flagge/medium/157.png?lm=1520611569
west ham united,https://tmssl.akamaized.net/images/wappen/big/379.png?lm=1464675260,https://tmssl.akamaized.net/images/flagge/medium/189.png?lm=1520611569
clermont foot 63,https://tmssl.akamaized.net/images/wappen/big/3524.png?lm=1625739356,https://tmssl.akamaized.net/images/flagge/medium/50.png?lm=1520611569
fc getafe,https://tmssl.akamaized.net/images/wappen/big/3709.png?lm=1408655116,https://tmssl.akamaized.net/images/flagge/medium/157.png?lm=1520611569
fc lorient,https://tmssl.akamaized.net/images/wappen/big/1158.png?lm=1406642498,https://tmssl.akamaized.net/images/flagge/medium/50.png?lm=1520611569
deportivo alaves,https://tmssl.akamaized.net/images/wappen/big/1108.png?lm=1596131395,https://tmssl.akamaized.net/images/flagge/medium/157.png?lm=1520611569
fc nantes,https://tmssl.akamaized.net/images/wappen/big/995.png?lm=1581355747,https://tmssl.akamaized.net/images/flagge/medium/50.png?lm=1520611569
rc strassburg alsace,https://tmssl.akamaized.net/images/wappen/big/667.png?lm=1468478606,https://tmssl.akamaized.net/images/flagge/medium/50.png?lm=1520611569
stade reims,https://tmssl.akamaized.net/images/wappen/big/1421.png?lm=1592601839,https://tmssl.akamaized.net/images/flagge/medium/50.png?lm=1520611569
ca osasuna,https://tmssl.akamaized.net/images/wappen/big/331.png?lm=1406739464,https://tmssl.akamaized.net/images/flagge/medium/157.png?lm=1520611569
fc metz,https://tmssl.akamaized.net/images/wappen/big/347.png?lm=1625391843,https://tmssl.akamaized.net/images/flagge/medium/50.png?lm=1520611569
fc girondins bordeaux,https://tmssl.akamaized.net/images/wappen/big/40.png?lm=1627322046,https://tmssl.akamaized.net/images/flagge/medium/50.png?lm=1520611569
stade brest 29,https://tmssl.akamaized.net/images/wappen/big/3911.png?lm=1408780312,https://tmssl.akamaized.net/images/flagge/medium/50.png?lm=1520611569
as saint etienne,https://tmssl.akamaized.net/images/wappen/big/618.png?lm=1503255676,https://tmssl.akamaized.net/images/flagge/medium/50.png?lm=1520611569
ogc nizza,https://tmssl.akamaized.net/images/wappen/big/417.png?lm=1408779490,https://tmssl.akamaized.net/images/flagge/medium/50.png?lm=1520611569
fc barcelona,https://tmssl.akamaized.net/images/wappen/big/131.png?lm=1406739548,https://tmssl.akamaized.net/images/flagge/medium/157.png?lm=1520611569
losc lille,https://tmssl.akamaized.net/images/wappen/big/1082.png?lm=1529521041,https://tmssl.akamaized.net/images/flagge/medium/50.png?lm=1520611569
olympique lyon,https://tmssl.akamaized.net/images/wappen/big/1041.png?lm=1581024966,https://tmssl.akamaized.net/images/flagge/medium/50.png?lm=1520611569
olympique marseille,https://tmssl.akamaized.net/images/wappen/big/244.png?lm=1485642163,https://tmssl.akamaized.net/images/flagge/medium/50.png?lm=1520611569
sco angers,https://tmssl.akamaized.net/images/wappen/big/1420.png?lm=1621808572,https://tmssl.akamaized.net/images/flagge/medium/50.png?lm=1520611569
es troyes ac,https://tmssl.akamaized.net/images/wappen/big/default.png?lm=1539765803,https://tmsi.akamaized.net/icons/playeragent_license_agent_small.png
montpellier hsc,https://tmssl.akamaized.net/images/wappen/big/969.png?lm=1459072367,https://tmssl.akamaized.net/images/flagge/medium/50.png?lm=1520611569
fc stade rennes,https://tmssl.akamaized.net/images/wappen/big/273.png?lm=1408779098,https://tmssl.akamaized.net/images/flagge/medium/50.png?lm=1520611569
kv kortrijk,https://tmssl.akamaized.net/images/wappen/big/601.png?lm=1534260191,https://tmssl.akamaized.net/images/flagge/medium/19.png?lm=1520611569
fc paris saint germain,https://tmssl.akamaized.net/images/wappen/big/default.png?lm=1539765803,https://tmssl.akamaized.net/images/flagge/medium/default.png?lm=1520611569
kv oostende,https://tmssl.akamaized.net/images/wappen/big/2861.png?lm=1625231721,https://tmssl.akamaized.net/images/flagge/medium/19.png?lm=1520611569
cercle brugge,https://tmssl.akamaized.net/images/wappen/big/520.png?lm=1492066110,https://tmssl.akamaized.net/images/flagge/medium/19.png?lm=1520611569
oud heverlee leuven,https://tmssl.akamaized.net/images/wappen/big/default.png?lm=1539765803,https://tmssl.akamaized.net/images/flagge/medium/default.png?lm=1520611569
rsc charleroi,https://tmssl.akamaized.net/images/wappen/big/172.png?lm=1448474590,https://tmssl.akamaized.net/images/flagge/medium/19.png?lm=1520611569
kaa gent,https://tmssl.akamaized.net/images/wappen/big/157.png?lm=1442954733,https://tmssl.akamaized.net/images/flagge/medium/19.png?lm=1520611569
as monaco,https://tmssl.akamaized.net/images/wappen/big/162.png?lm=1625128180,https://tmssl.akamaized.net/images/flagge/medium/113.png?lm=1520611569
standard luttich,https://tmssl.akamaized.net/images/wappen/big/3057.png?lm=1496825940,https://tmssl.akamaized.net/images/flagge/medium/19.png?lm=1520611569
rsc anderlecht,https://tmssl.akamaized.net/images/wappen/big/58.png?lm=1443857722,https://tmssl.akamaized.net/images/flagge/medium/19.png?lm=1520611569
krc genk,https://tmssl.akamaized.net/images/wappen/big/1184.png?lm=1464899410,https://tmssl.akamaized.net/images/flagge/medium/19.png?lm=1520611569
royal antwerpen fc,https://tmssl.akamaized.net/images/wappen/big/1096.png?lm=1623758865,https://tmssl.akamaized.net/images/flagge/medium/19.png?lm=1520611569
fc brugge,https://tmssl.akamaized.net/images/wappen/big/2282.png?lm=1448474251,https://tmssl.akamaized.net/images/flagge/medium/19.png?lm=1520611569
sc cambuur leeuwarden,https://tmssl.akamaized.net/images/wappen/big/default.png?lm=1539765803,https://tmssl.akamaized.net/images/flagge/medium/default.png?lm=1520611569
rc lens,https://tmssl.akamaized.net/images/wappen/big/826.png?lm=1595457059,https://tmssl.akamaized.net/images/flagge/medium/50.png?lm=1520611569
nec nijmegen,https://tmssl.akamaized.net/images/wappen/big/467.png?lm=1460302949,https://tmssl.akamaized.net/images/flagge/medium/122.png?lm=1520611569
fortuna sittard,https://tmssl.akamaized.net/images/wappen/big/385.png?lm=1610789891,https://tmssl.akamaized.net/images/flagge/medium/122.png?lm=1520611569
willem ii tilburg,https://tmssl.akamaized.net/images/wappen/big/403.png?lm=1626877472,https://tmssl.akamaized.net/images/flagge/medium/122.png?lm=1520611569
pec zwolle,https://tmssl.akamaized.net/images/wappen/big/1269.png?lm=1610790473,https://tmssl.akamaized.net/images/flagge/medium/122.png?lm=1520611569
heracles almelo,https://tmssl.akamaized.net/images/wappen/big/1304.png?lm=1488213735,https://tmssl.akamaized.net/images/flagge/medium/122.png?lm=1520611569
fc groningen,https://tmssl.akamaized.net/images/wappen/big/202.png?lm=1627212416,https://tmssl.akamaized.net/images/flagge/medium/122.png?lm=1520611569
fc twente enschede,https://tmssl.akamaized.net/images/wappen/big/317.png?lm=1610789581,https://tmssl.akamaized.net/images/flagge/medium/122.png?lm=1520611569
sparta rotterdam,https://tmssl.akamaized.net/images/wappen/big/468.png?lm=1485262132,https://tmssl.akamaized.net/images/flagge/medium/122.png?lm=1520611569
fc utrecht,https://tmssl.akamaized.net/images/wappen/big/200.png?lm=1628450351,https://tmssl.akamaized.net/images/flagge/medium/122.png?lm=1520611569
vitesse arnheim,https://tmssl.akamaized.net/images/wappen/big/499.png?lm=1610789824,https://tmssl.akamaized.net/images/flagge/medium/122.png?lm=1520611569
kv mechelen,https://tmssl.akamaized.net/images/wappen/big/354.png?lm=1448474451,https://tmssl.akamaized.net/images/flagge/medium/19.png?lm=1520611569
feyenoord rotterdam,https://tmssl.akamaized.net/images/wappen/big/234.png?lm=1457643518,https://tmssl.akamaized.net/images/flagge/medium/122.png?lm=1520611569
psv eindhoven,https://tmssl.akamaized.net/images/wappen/big/383.png?lm=1626929299,https://tmssl.akamaized.net/images/flagge/medium/122.png?lm=1520611569
beerschot v a ,https://tmssl.akamaized.net/images/wappen/big/default.png?lm=1539765803,https://tmssl.akamaized.net/images/flagge/medium/default.png?lm=1520611569
ajax amsterdam,https://tmssl.akamaized.net/images/wappen/big/610.png?lm=1458894971,https://tmssl.akamaized.net/images/flagge/medium/122.png?lm=1520611569
sc heerenveen,https://tmssl.akamaized.net/images/wappen/big/306.png?lm=1610789943,https://tmssl.akamaized.net/images/flagge/medium/122.png?lm=1520611569
go ahead eagles deventer,https://tmssl.akamaized.net/images/wappen/big/1435.png?lm=1540316767,https://tmssl.akamaized.net/images/flagge/medium/122.png?lm=1520611569
krylya sovetov samara,https://tmssl.akamaized.net/images/wappen/big/2696.png?lm=1500713669,https://tmssl.akamaized.net/images/flagge/medium/141.png?lm=1520611569
akhmat grozny,https://tmssl.akamaized.net/images/wappen/big/3725.png?lm=1497737399,https://tmssl.akamaized.net/images/flagge/medium/141.png?lm=1520611569
sv zulte waregem,https://tmssl.akamaized.net/images/wappen/big/3508.png?lm=1420103130,https://tmssl.akamaized.net/images/flagge/medium/19.png?lm=1520611569
az alkmaar,https://tmssl.akamaized.net/images/wappen/big/1090.png?lm=1586848339,https://tmssl.akamaized.net/images/flagge/medium/122.png?lm=1520611569
royale union saint gilloise,https://tmssl.akamaized.net/images/wappen/big/3948.png?lm=1624390507,https://tmssl.akamaized.net/images/flagge/medium/19.png?lm=1520611569
rkc waalwijk,https://tmssl.akamaized.net/images/wappen/big/235.png?lm=1435505083,https://tmssl.akamaized.net/images/flagge/medium/122.png?lm=1520611569
rubin kazan,https://tmssl.akamaized.net/images/wappen/big/2698.png?lm=1561987986,https://tmssl.akamaized.net/images/flagge/medium/141.png?lm=1520611569
dinamo moskau,https://tmssl.akamaized.net/images/wappen/big/121.png?lm=1597937447,https://tmssl.akamaized.net/images/flagge/medium/141.png?lm=1520611569
zska moskau,https://tmssl.akamaized.net/images/wappen/big/2410.png?lm=1409222667,https://tmssl.akamaized.net/images/flagge/medium/141.png?lm=1520611569
lokomotiv moskau,https://tmssl.akamaized.net/images/wappen/big/932.png?lm=1486195738,https://tmssl.akamaized.net/images/flagge/medium/141.png?lm=1520611569
fk krasnodar,https://tmssl.akamaized.net/images/wappen/big/16704.png?lm=1499524238,https://tmssl.akamaized.net/images/flagge/medium/141.png?lm=1520611569
arsenal tula,https://tmssl.akamaized.net/images/wappen/big/3729.png?lm=1408774122,https://tmssl.akamaized.net/images/flagge/medium/141.png?lm=1520611569
ural ekaterinburg,https://tmssl.akamaized.net/images/wappen/big/11127.png?lm=1500926160,https://tmssl.akamaized.net/images/flagge/medium/141.png?lm=1520611569
fc arouca,https://tmssl.akamaized.net/images/wappen/big/8024.png?lm=1530096604,https://tmssl.akamaized.net/images/flagge/medium/136.png?lm=1520611569
gil vicente fc,https://tmssl.akamaized.net/images/wappen/big/2424.png?lm=1624283300,https://tmssl.akamaized.net/images/flagge/medium/136.png?lm=1520611569
fk khimki,https://tmssl.akamaized.net/images/wappen/big/3719.png?lm=1536858311,https://tmssl.akamaized.net/images/flagge/medium/141.png?lm=1520611569
spartak moskau,https://tmssl.akamaized.net/images/wappen/big/232.png?lm=1443701948,https://tmssl.akamaized.net/images/flagge/medium/141.png?lm=1520611569
boavista porto fc,https://tmssl.akamaized.net/images/wappen/big/2503.png?lm=1480959207,https://tmssl.akamaized.net/images/flagge/medium/136.png?lm=1520611569
cs maritimo,https://tmssl.akamaized.net/images/wappen/big/1301.png?lm=1432894070,https://tmssl.akamaized.net/images/flagge/medium/136.png?lm=1520611569
fk rostov,https://tmssl.akamaized.net/images/wappen/big/1083.png?lm=1604130993,https://tmssl.akamaized.net/images/flagge/medium/141.png?lm=1520611569
belenenses sad,https://tmssl.akamaized.net/images/wappen/big/2457.png?lm=1552479825,https://tmssl.akamaized.net/images/flagge/medium/136.png?lm=1520611569
fk ufa,https://tmssl.akamaized.net/images/wappen/big/28095.png?lm=1597434485,https://tmssl.akamaized.net/images/flagge/medium/141.png?lm=1520611569
gd estoril praia,https://tmssl.akamaized.net/images/wappen/big/1465.png?lm=1534340702,https://tmssl.akamaized.net/images/flagge/medium/136.png?lm=1520611569
portimonense sc,https://tmssl.akamaized.net/images/wappen/big/7378.png?lm=1516718554,https://tmssl.akamaized.net/images/flagge/medium/136.png?lm=1520611569
cd santa clara,https://tmssl.akamaized.net/images/wappen/big/2423.png?lm=1564481385,https://tmssl.akamaized.net/images/flagge/medium/136.png?lm=1520611569
fc famalicao,https://tmssl.akamaized.net/images/wappen/big/3329.png?lm=1565881258,https://tmssl.akamaized.net/images/flagge/medium/136.png?lm=1520611569
sc braga,https://tmssl.akamaized.net/images/wappen/big/1075.png?lm=1432893871,https://tmssl.akamaized.net/images/flagge/medium/136.png?lm=1520611569
cd tondela,https://tmssl.akamaized.net/images/wappen/big/7179.png?lm=1506427804,https://tmssl.akamaized.net/images/flagge/medium/136.png?lm=1520611569
vitoria guimaraes sc,https://tmssl.akamaized.net/images/wappen/big/2420.png?lm=1432894021,https://tmssl.akamaized.net/images/flagge/medium/136.png?lm=1520611569
fk sochi,https://tmssl.akamaized.net/images/wappen/big/41231.png?lm=1549213557,https://tmssl.akamaized.net/images/flagge/medium/141.png?lm=1520611569
fc porto,https://tmssl.akamaized.net/images/wappen/big/720.png?lm=1486310161,https://tmssl.akamaized.net/images/flagge/medium/136.png?lm=1520611569
1 fsv mainz 05,https://tmssl.akamaized.net/images/wappen/big/default.png?lm=1539765803,https://tmssl.akamaized.net/images/flagge/medium/default.png?lm=1520611569
sporting lissabon,https://tmssl.akamaized.net/images/wappen/big/336.png?lm=1621513752,https://tmssl.akamaized.net/images/flagge/medium/136.png?lm=1520611569
fc augsburg,https://tmssl.akamaized.net/images/wappen/big/167.png?lm=1403085893,https://tmssl.akamaized.net/images/flagge/medium/40.png?lm=1520612525
vfb stuttgart,https://tmssl.akamaized.net/images/wappen/big/79.png?lm=1487024087,https://tmssl.akamaized.net/images/flagge/medium/40.png?lm=1520612525
hertha bsc,https://tmssl.akamaized.net/images/wappen/big/44.png?lm=1534505742,https://tmssl.akamaized.net/images/flagge/medium/40.png?lm=1520612525
eintracht frankfurt,https://tmssl.akamaized.net/images/wappen/big/24.png?lm=1403806187,https://tmssl.akamaized.net/images/flagge/medium/40.png?lm=1520612525
tsg 1899 hoffenheim,https://tmssl.akamaized.net/images/wappen/big/533.png?lm=1458907862,https://tmssl.akamaized.net/images/flagge/medium/40.png?lm=1520612525
borussia monchengladbach,https://tmssl.akamaized.net/images/wappen/big/18.png?lm=1483890536,https://tmssl.akamaized.net/images/flagge/medium/40.png?lm=1520612525
vfl wolfsburg,https://tmssl.akamaized.net/images/wappen/big/82.png?lm=1503060755,https://tmssl.akamaized.net/images/flagge/medium/40.png?lm=1520612525
bayer 04 leverkusen,https://tmssl.akamaized.net/images/wappen/big/15.png?lm=1403163785,https://tmssl.akamaized.net/images/flagge/medium/40.png?lm=1520612525
1 fc union berlin,https://tmssl.akamaized.net/images/wappen/big/default.png?lm=1539765803,https://tmsi.akamaized.net/icons/playeragent_license_agent_small.png
1 fc koln,https://tmssl.akamaized.net/images/wappen/big/3.png?lm=1396275280,https://tmssl.akamaized.net/images/flagge/medium/40.png?lm=1520612525
zenit st petersburg,https://tmssl.akamaized.net/images/wappen/big/964.png?lm=1486195881,https://tmssl.akamaized.net/images/flagge/medium/141.png?lm=1520611569
fc pacos de ferreira,https://tmssl.akamaized.net/images/wappen/big/2995.png?lm=1578477741,https://tmssl.akamaized.net/images/flagge/medium/136.png?lm=1520611569
rasenballsport leipzig,https://tmssl.akamaized.net/images/wappen/big/23826.png?lm=1619431624,https://tmssl.akamaized.net/images/flagge/medium/40.png?lm=1520612525
sc freiburg,https://tmssl.akamaized.net/images/wappen/big/60.png?lm=1517249279,https://tmssl.akamaized.net/images/flagge/medium/40.png?lm=1520612525
borussia dortmund,https://tmssl.akamaized.net/images/wappen/big/16.png?lm=1396275280,https://tmssl.akamaized.net/images/flagge/medium/40.png?lm=1520612525
moreirense fc,https://tmssl.akamaized.net/images/wappen/big/979.png?lm=1552324606,https://tmssl.akamaized.net/images/flagge/medium/136.png?lm=1520611569
