,index,name,img_Url
kylian mbappe,https://img.a.transfermarkt.technology/portrait/big/342229-1632686046.jpg?lm=1
lionel messi,https://img.a.transfermarkt.technology/portrait/big/28003-1631171950.jpg?lm=1
neymar,https://img.a.transfermarkt.technology/portrait/big/68290-1632687616.jpg?lm=1
raheem sterling,https://img.a.transfermarkt.technology/portrait/big/134425-1577051521.jpg?lm=1
mohamed salah,https://img.a.transfermarkt.technology/portrait/big/148455-1546611604.jpg?lm=1
kevin de bruyne,https://img.a.transfermarkt.technology/portrait/big/88755-1626449012.jpg?lm=1
erling haaland,https://img.a.transfermarkt.technology/portrait/big/418560-1632685669.jpg?lm=1
harry kane,https://img.a.transfermarkt.technology/portrait/big/132098-1623778520.jpg?lm=1
philippe coutinho,https://img.a.transfermarkt.technology/portrait/big/80444-1640621762.jpg?lm=1
eden hazard,https://img.a.transfermarkt.technology/portrait/big/50202-1537861483.jpg?lm=1
antoine griezmann,https://img.a.transfermarkt.technology/portrait/big/125781-1643320574.jpg?lm=1
sadio mane,https://img.a.transfermarkt.technology/portrait/big/200512-1559901727.jpg?lm=1
jadon sancho,https://img.a.transfermarkt.technology/portrait/big/401173-1632686361.jpg?lm=1
ousmane dembele,https://img.a.transfermarkt.technology/portrait/big/288230-1637951239.jpg?lm=1
cristiano ronaldo,https://img.a.transfermarkt.technology/portrait/big/8198-1631656078.jpg?lm=1
trent alexander arnold,https://img.a.transfermarkt.technology/portrait/big/314353-1559826986.jpg?lm=1
paulo dybala,https://img.a.transfermarkt.technology/portrait/big/206050-1641810495.jpg?lm=1
virgil van dijk,https://img.a.transfermarkt.technology/portrait/big/139208-1620651710.jpg?lm=1
bernardo silva,https://img.a.transfermarkt.technology/portrait/big/241641-1520189140.jpg?lm=1
jack grealish,https://img.a.transfermarkt.technology/portrait/big/203460-1581417066.jpg?lm=1
jan oblak,https://img.a.transfermarkt.technology/portrait/big/121483-1599986864.jpg?lm=1
dele alli,https://img.a.transfermarkt.technology/portrait/big/207929-1612367000.jpg?lm=1
paul pogba,https://img.a.transfermarkt.technology/portrait/big/122153-1582114937.jpg?lm=1
romelu lukaku,https://img.a.transfermarkt.technology/portrait/big/96341-1596033546.jpg?lm=1
leroy sane,https://img.a.transfermarkt.technology/portrait/big/192565-1624802554.jpg?lm=1
joao felix,https://img.a.transfermarkt.technology/portrait/big/462250-1574866535.jpg?lm=1
ngolo kante,https://img.a.transfermarkt.technology/portrait/big/225083-1598302373.jpg?lm=1
mauro icardi,https://img.a.transfermarkt.technology/portrait/big/68863-1591599151.jpg?lm=1
christian eriksen,https://img.a.transfermarkt.technology/portrait/big/69633-1518794659.jpg?lm=1
robert lewandowski,https://img.a.transfermarkt.technology/portrait/big/38253-1642434304.jpg?lm=1
saul niguez,https://img.a.transfermarkt.technology/portrait/big/148928-1447152836.jpg?lm=1
kai havertz,https://img.a.transfermarkt.technology/portrait/big/309400-1620646226.jpg?lm=1
luis suarez,https://img.a.transfermarkt.technology/portrait/big/44352-1453896733.jpg?lm=1
isco,https://img.a.transfermarkt.technology/portrait/big/85288-1523366774.jpg?lm=1
gareth bale,https://img.a.transfermarkt.technology/portrait/big/39381-1523876433.jpg?lm=1
heung min son,null
marco asensio,https://img.a.transfermarkt.technology/portrait/big/296622-1447228327.jpg?lm=1
bruno fernandes,https://img.a.transfermarkt.technology/portrait/big/240306-1636537174.jpg?lm=1
alisson,https://img.a.transfermarkt.technology/portrait/big/105470-1595945929.jpg?lm=1
frenkie de jong,https://img.a.transfermarkt.technology/portrait/big/326330-1599987876.jpg?lm=1
sergej milinković savić,null
joshua kimmich,https://img.a.transfermarkt.technology/portrait/big/161056-1636537308.jpg?lm=1
marc andre ter stegen,https://img.a.transfermarkt.technology/portrait/big/74857-1599987750.jpg?lm=1
roberto firmino,https://img.a.transfermarkt.technology/portrait/big/131789-1520605270.jpg?lm=1
serge gnabry,https://img.a.transfermarkt.technology/portrait/big/159471-1570373116.jpg?lm=1
marcus rashford,https://img.a.transfermarkt.technology/portrait/big/258923-1565603308.png?lm=1
raphael varane,https://img.a.transfermarkt.technology/portrait/big/164770-1598301905.jpg?lm=1
timo werner,https://img.a.transfermarkt.technology/portrait/big/170527-1471002206.jpg?lm=1
lautaro martinez,https://img.a.transfermarkt.technology/portrait/big/406625-1535015019.jpg?lm=1
ansu fati,https://img.a.transfermarkt.technology/portrait/big/466810-1560761660.jpg?lm=1
alphonso davies,https://img.a.transfermarkt.technology/portrait/big/424204-1570372661.jpg?lm=1
gabriel jesus,https://img.a.transfermarkt.technology/portrait/big/363205-1533284263.jpg?lm=1
casemiro,https://img.a.transfermarkt.technology/portrait/big/16306-1622131439.jpg?lm=1
marcos llorente,https://img.a.transfermarkt.technology/portrait/big/282411-1603712126.jpg?lm=1
pedri,https://img.a.transfermarkt.technology/portrait/big/683840-1620304992.jpg?lm=1
rodri,https://img.a.transfermarkt.technology/portrait/big/88103-1540568385.jpg?lm=1
sergio busquets,https://img.a.transfermarkt.technology/portrait/big/65230-1453896822.jpg?lm=1
andrew robertson,https://img.a.transfermarkt.technology/portrait/big/234803-1559827085.jpg?lm=1
james rodriguez,https://img.a.transfermarkt.technology/portrait/big/88103-1540568385.jpg?lm=1
sergio aguero,https://img.a.transfermarkt.technology/portrait/big/26399-1580460866.jpg?lm=1
phil foden,https://img.a.transfermarkt.technology/portrait/big/406635-1594986905.jpg?lm=1
toni kroos,https://img.a.transfermarkt.technology/portrait/big/31909-1519743952.jpg?lm=1
thibaut courtois,https://img.a.transfermarkt.technology/portrait/big/108390-1572942947.jpg?lm=1
marquinhos,https://img.a.transfermarkt.technology/portrait/big/181767-1639581124.jpg?lm=1
marco verratti,https://img.a.transfermarkt.technology/portrait/big/102558-1602849501.jpg?lm=1
gonzalo higuain,https://img.a.transfermarkt.technology/portrait/big/39153-1618682679.jpg?lm=1
pierre emerick aubameyang,https://img.a.transfermarkt.technology/portrait/big/58864-1545407105.jpg?lm=1
matthijs de ligt,https://img.a.transfermarkt.technology/portrait/big/326031-1641810286.jpg?lm=1
thomas muller,https://img.a.transfermarkt.technology/portrait/big/58358-1540568657.jpg?lm=1
aymeric laporte,https://img.a.transfermarkt.technology/portrait/big/176553-1564994239.jpg?lm=1
mason mount,https://img.a.transfermarkt.technology/portrait/big/346483-1642175298.jpg?lm=1
kalidou koulibaly,https://img.a.transfermarkt.technology/portrait/big/93128-1448528991.jpg?lm=1
lorenzo insigne,https://img.a.transfermarkt.technology/portrait/big/133964-1537708558.jpg?lm=1
ruben dias,https://img.a.transfermarkt.technology/portrait/big/258004-1572340728.jpg?lm=1
nicolas pepe,https://img.a.transfermarkt.technology/portrait/big/343052-1539166309.jpg?lm=1
vinicius junior,https://img.a.transfermarkt.technology/portrait/big/371998-1624277492.jpg?lm=1
samuel umtiti,https://img.a.transfermarkt.technology/portrait/big/126540-1598302607.jpg?lm=1
leon goretzka,https://img.a.transfermarkt.technology/portrait/big/153084-1540568530.jpg?lm=1
miralem pjanic,https://img.a.transfermarkt.technology/portrait/big/44162-1643282459.png?lm=1
lucas hernandez,https://img.a.transfermarkt.technology/portrait/big/281963-1569907038.jpg?lm=1
thiago,https://img.a.transfermarkt.technology/portrait/big/60444-1540568423.jpg?lm=1
achraf hakimi,https://img.a.transfermarkt.technology/portrait/big/398073-1633679363.jpg?lm=1
alexis sanchez,https://img.a.transfermarkt.technology/portrait/big/40433-1596115275.jpg?lm=1
arthur,https://img.a.transfermarkt.technology/portrait/big/362842-1599988056.jpg?lm=1
jordi alba,https://img.a.transfermarkt.technology/portrait/big/69751-1454079452.jpg?lm=1
david de gea,https://img.a.transfermarkt.technology/portrait/big/59377-1454414410.jpg?lm=1
fabinho,https://img.a.transfermarkt.technology/portrait/big/225693-1580133493.jpg?lm=1
harry maguire,https://img.a.transfermarkt.technology/portrait/big/177907-1520608280.jpg?lm=1
declan rice,https://img.a.transfermarkt.technology/portrait/big/357662-1624883831.jpg?lm=1
ederson,https://img.a.transfermarkt.technology/portrait/big/238223-1474545573.jpg?lm=1
jose maria gimenez,https://img.a.transfermarkt.technology/portrait/big/250845-1447152624.jpg?lm=1
mikel oyarzabal,https://img.a.transfermarkt.technology/portrait/big/351478-1599987229.jpg?lm=1
koke,https://img.a.transfermarkt.technology/portrait/big/74229-1447152736.jpg?lm=1
thomas lemar,https://img.a.transfermarkt.technology/portrait/big/205562-1598303859.jpg?lm=1
nabil fekir,https://img.a.transfermarkt.technology/portrait/big/203496-1448021651.jpg?lm=1
ivan rakitic,https://img.a.transfermarkt.technology/portrait/big/32467-1568021662.jpg?lm=1
marcelo,https://img.a.transfermarkt.technology/portrait/big/44501-1603112392.jpg?lm=1
federico valverde,https://img.a.transfermarkt.technology/portrait/big/369081-1581501132.jpg?lm=1
alexandre lacazette,https://img.a.transfermarkt.technology/portrait/big/93720-1594110895.jpg?lm=1
federico chiesa,https://img.a.transfermarkt.technology/portrait/big/341092-1596098386.jpg?lm=1
jude bellingham,https://img.a.transfermarkt.technology/portrait/big/581678-1603353524.jpg?lm=1
andres iniesta,https://img.a.transfermarkt.technology/portrait/big/7600-1464872266.jpg?lm=1
xavi,https://img.a.transfermarkt.technology/portrait/big/7607-1476882942.jpg?lm=1
wayne rooney,https://img.a.transfermarkt.technology/portrait/big/3332-1551295290.jpg?lm=1
anthony martial,https://img.a.transfermarkt.technology/portrait/big/182877-1595947846.jpg?lm=1
gianluigi donnarumma,https://img.a.transfermarkt.technology/portrait/big/315858-1639581006.jpg?lm=1
bukayo saka,https://img.a.transfermarkt.technology/portrait/big/433177-1582630395.jpg?lm=1
angel di maria,https://img.a.transfermarkt.technology/portrait/big/45320-1602849270.jpg?lm=1
naby keita,https://img.a.transfermarkt.technology/portrait/big/302215-1503302375.jpg?lm=1
alvaro morata,https://img.a.transfermarkt.technology/portrait/big/128223-1523366908.jpg?lm=1
kingsley coman,https://img.a.transfermarkt.technology/portrait/big/243714-1540568692.jpg?lm=1
david alaba,https://img.a.transfermarkt.technology/portrait/big/59016-1637569850.jpg?lm=1
richarlison,https://img.a.transfermarkt.technology/portrait/big/378710-1575040968.jpg?lm=1
florian wirtz,https://img.a.transfermarkt.technology/portrait/big/598577-1642607052.jpg?lm=1
jorginho,https://img.a.transfermarkt.technology/portrait/big/102017-1599988179.jpg?lm=1
nicolo barella,https://img.a.transfermarkt.technology/portrait/big/255942-1582023619.jpg?lm=1
tanguy ndombele,https://img.a.transfermarkt.technology/portrait/big/450936-1561540648.jpg?lm=1
karim benzema,https://img.a.transfermarkt.technology/portrait/big/18922-1544774342.jpg?lm=1
riyad mahrez,https://img.a.transfermarkt.technology/portrait/big/171424-1461578220.jpg?lm=1
diego costa,https://img.a.transfermarkt.technology/portrait/big/44779-1453805669.jpg?lm=1
marcelo brozovic,https://img.a.transfermarkt.technology/portrait/big/156617-1549632084.jpg?lm=1
daniel carvajal,https://img.a.transfermarkt.technology/portrait/big/138927-1619701459.jpg?lm=1
jules kounde,https://img.a.transfermarkt.technology/portrait/big/411975-1525683142.jpg?lm=1
radamel falcao,https://img.a.transfermarkt.technology/portrait/big/39152-1622801006.jpg?lm=1
stefan de vrij,https://img.a.transfermarkt.technology/portrait/big/111196-1593165111.jpg?lm=1
victor osimhen,https://img.a.transfermarkt.technology/portrait/big/401923-1570439308.jpg?lm=1
allan,https://img.a.transfermarkt.technology/portrait/big/418560-1632685669.jpg?lm=1
eduardo camavinga,https://img.a.transfermarkt.technology/portrait/big/640428-1582629458.jpg?lm=1
luka jovic,https://img.a.transfermarkt.technology/portrait/big/257462-1533115178.jpg?lm=1
alessandro bastoni,https://img.a.transfermarkt.technology/portrait/big/315853-1630304611.jpg?lm=1
fabian ruiz,https://img.a.transfermarkt.technology/portrait/big/350219-1545230107.jpg?lm=1
clement lenglet,https://img.a.transfermarkt.technology/portrait/big/182904-1599988301.jpg?lm=1
christian pulisic,https://img.a.transfermarkt.technology/portrait/big/315779-1638811757.jpg?lm=1
sergi roberto,https://img.a.transfermarkt.technology/portrait/big/85370-1489053148.jpg?lm=1
milan skriniar,https://img.a.transfermarkt.technology/portrait/big/204069-1598256813.jpg?lm=1
wilfred ndidi,https://img.a.transfermarkt.technology/portrait/big/274839-1641900364.jpg?lm=1
davinson sanchez,https://img.a.transfermarkt.technology/portrait/big/341429-1464272554.jpg?lm=1
mats hummels,https://img.a.transfermarkt.technology/portrait/big/39728-1540568020.jpg?lm=1
dayot upamecano,https://img.a.transfermarkt.technology/portrait/big/344695-1532352602.jpg?lm=1
niklas sule,https://img.a.transfermarkt.technology/portrait/big/166601-1624802741.jpg?lm=1
john stones,https://img.a.transfermarkt.technology/portrait/big/186590-1583400326.jpg?lm=1
james maddison,https://img.a.transfermarkt.technology/portrait/big/294057-1638811548.jpg?lm=1
kepa arrizabalaga,https://img.a.transfermarkt.technology/portrait/big/192279-1447152155.jpg?lm=1
edinson cavani,https://img.a.transfermarkt.technology/portrait/big/48280-1619791055.jpg?lm=1
mario gotze,https://img.a.transfermarkt.technology/portrait/big/74842-1612898267.jpg?lm=1
